{"cameraMode":{"drawMode":0,"name":"Shaded","section":"Shading Mode"},"sceneLighting":true,"audioPlay":false,"sceneViewState":{"showFog":false,"showMaterialUpdate":false,"showSkybox":true,"showFlares":false,"showImageEffects":false,"showParticleSystems":false},"in2DMode":false,"pivot":{"x":1263.1639404296875,"y":-259.073486328125,"z":368.9757080078125},"rotation":{"x":-0.15241295099258424,"y":-0.4699167013168335,"z":0.0827520415186882,"w":-0.8655117750167847},"size":1227.8734130859375,"orthographic":false}