{"cameraMode":{"drawMode":0,"name":"Shaded","section":"Shading Mode"},"sceneLighting":false,"audioPlay":false,"sceneViewState":{"showFog":false,"showMaterialUpdate":false,"showSkybox":false,"showFlares":false,"showImageEffects":false,"showParticleSystems":false},"in2DMode":false,"pivot":{"x":-22.843828201293947,"y":23.447208404541017,"z":-51.91039276123047},"rotation":{"x":-0.19594457745552064,"y":-0.7855698466300964,"z":0.30814218521118166,"w":-0.4995371103286743},"size":3.9073946475982668,"orthographic":false}