{"cameraMode":{"drawMode":0,"name":"Shaded","section":"Shading Mode"},"sceneLighting":true,"audioPlay":false,"sceneViewState":{"showFog":false,"showMaterialUpdate":false,"showSkybox":true,"showFlares":false,"showImageEffects":false,"showParticleSystems":false},"in2DMode":false,"pivot":{"x":32.236228942871097,"y":2.536146640777588,"z":44.35845184326172},"rotation":{"x":-0.019078996032476426,"y":-0.2689962089061737,"z":0.005327160004526377,"w":-0.9629418253898621},"size":18.643598556518556,"orthographic":false}