{"cameraMode":{"drawMode":0,"name":"Shaded","section":"Shading Mode"},"sceneLighting":true,"audioPlay":false,"sceneViewState":{"showFog":false,"showMaterialUpdate":false,"showSkybox":true,"showFlares":false,"showImageEffects":false,"showParticleSystems":false},"in2DMode":false,"pivot":{"x":3.2639589309692385,"y":9.433696746826172,"z":99.2976303100586},"rotation":{"x":0.029949408024549485,"y":0.055741824209690097,"z":-0.0016717619728296996,"w":0.9980064630508423},"size":33.335201263427737,"orthographic":false}