{"cameraMode":{"drawMode":0,"name":"Shaded","section":"Shading Mode"},"sceneLighting":true,"audioPlay":false,"sceneViewState":{"showFog":false,"showMaterialUpdate":false,"showSkybox":true,"showFlares":false,"showImageEffects":false,"showParticleSystems":false},"in2DMode":false,"pivot":{"x":11.469513893127442,"y":8.29361343383789,"z":99.84149169921875},"rotation":{"x":-0.09466704726219177,"y":0.005073721520602703,"z":-0.0004801441100426018,"w":-0.9955018162727356},"size":35.02669143676758,"orthographic":false}