{"cameraMode":{"drawMode":0,"name":"Shaded","section":"Shading Mode"},"sceneLighting":true,"audioPlay":false,"sceneViewState":{"showFog":false,"showMaterialUpdate":false,"showSkybox":true,"showFlares":false,"showImageEffects":false,"showParticleSystems":false},"in2DMode":false,"pivot":{"x":-29.35443878173828,"y":-30.7899169921875,"z":160.88963317871095},"rotation":{"x":-0.18118903040885926,"y":-0.20428115129470826,"z":0.038507528603076938,"w":-0.9612380266189575},"size":66.60454559326172,"orthographic":false}