{"cameraMode":{"drawMode":0,"name":"Shaded","section":"Shading Mode"},"sceneLighting":true,"audioPlay":false,"sceneViewState":{"showFog":false,"showMaterialUpdate":false,"showSkybox":true,"showFlares":false,"showImageEffects":false,"showParticleSystems":false},"in2DMode":false,"pivot":{"x":10.878410339355469,"y":-28.10361099243164,"z":1157.0439453125},"rotation":{"x":-0.018308402970433236,"y":-0.003902655327692628,"z":0.00007324146281462163,"w":-0.9998297691345215},"size":599.4595336914063,"orthographic":false}