{"cameraMode":{"drawMode":0,"name":"Shaded","section":"Shading Mode"},"sceneLighting":true,"audioPlay":false,"sceneViewState":{"showFog":false,"showMaterialUpdate":false,"showSkybox":true,"showFlares":false,"showImageEffects":false,"showParticleSystems":false},"in2DMode":false,"pivot":{"x":-68.8429183959961,"y":-8.556262969970704,"z":158.33877563476563},"rotation":{"x":-0.1080956682562828,"y":-0.008354144170880318,"z":0.0009100716561079025,"w":-0.9941167235374451},"size":67.1637191772461,"orthographic":false}