{"cameraMode":{"drawMode":0,"name":"Shaded","section":"Shading Mode"},"sceneLighting":true,"audioPlay":false,"sceneViewState":{"showFog":false,"showMaterialUpdate":false,"showSkybox":true,"showFlares":false,"showImageEffects":false,"showParticleSystems":false},"in2DMode":false,"pivot":{"x":-21.274288177490236,"y":-27.656217575073243,"z":93.4505386352539},"rotation":{"x":-0.25761866569519045,"y":0.12479840219020844,"z":-0.03357067331671715,"w":-0.9575725197792053},"size":45.82905960083008,"orthographic":false}