{"cameraMode":{"drawMode":0,"name":"Shaded","section":"Shading Mode"},"sceneLighting":true,"audioPlay":false,"sceneViewState":{"showFog":false,"showMaterialUpdate":false,"showSkybox":true,"showFlares":false,"showImageEffects":false,"showParticleSystems":false},"in2DMode":false,"pivot":{"x":-3.241753578186035,"y":-23.441543579101564,"z":140.1255645751953},"rotation":{"x":-0.10925807058811188,"y":-0.020578572526574136,"z":0.0022622121032327415,"w":-0.99379962682724},"size":99.21084594726563,"orthographic":false}