{"cameraMode":{"drawMode":0,"name":"Shaded","section":"Shading Mode"},"sceneLighting":true,"audioPlay":false,"sceneViewState":{"showFog":false,"showMaterialUpdate":false,"showSkybox":true,"showFlares":false,"showImageEffects":false,"showParticleSystems":false},"in2DMode":false,"pivot":{"x":-8.374435424804688,"y":-11.294342041015625,"z":143.04620361328126},"rotation":{"x":-0.10925807058811188,"y":-0.020578572526574136,"z":0.0022622121032327415,"w":-0.99379962682724},"size":133.80545043945313,"orthographic":false}