{"cameraMode":{"drawMode":0,"name":"Shaded","section":"Shading Mode"},"sceneLighting":true,"audioPlay":false,"sceneViewState":{"showFog":false,"showMaterialUpdate":false,"showSkybox":true,"showFlares":false,"showImageEffects":false,"showParticleSystems":false},"in2DMode":false,"pivot":{"x":-32.48481750488281,"y":-7.360603332519531,"z":117.31391143798828},"rotation":{"x":-0.04970187693834305,"y":-0.05929545685648918,"z":0.0029586167074739935,"w":-0.9970102906227112},"size":83.6334457397461,"orthographic":false}