{"cameraMode":{"drawMode":0,"name":"Shaded","section":"Shading Mode"},"sceneLighting":true,"audioPlay":false,"sceneViewState":{"showFog":false,"showMaterialUpdate":false,"showSkybox":true,"showFlares":false,"showImageEffects":false,"showParticleSystems":false},"in2DMode":false,"pivot":{"x":22.638736724853517,"y":-19.561752319335939,"z":139.9146728515625},"rotation":{"x":-0.10925807058811188,"y":-0.020578572526574136,"z":0.0022622121032327415,"w":-0.99379962682724},"size":88.44656372070313,"orthographic":false}