{"cameraMode":{"drawMode":0,"name":"Shaded","section":"Shading Mode"},"sceneLighting":true,"audioPlay":false,"sceneViewState":{"showFog":false,"showMaterialUpdate":false,"showSkybox":true,"showFlares":false,"showImageEffects":false,"showParticleSystems":false},"in2DMode":false,"pivot":{"x":-12.496515274047852,"y":35.56975555419922,"z":89.9649429321289},"rotation":{"x":-0.018308402970433236,"y":-0.003902655327692628,"z":0.00007324146281462163,"w":-0.9998297691345215},"size":116.48909759521485,"orthographic":false}