{"cameraMode":{"drawMode":0,"name":"Shaded","section":"Shading Mode"},"sceneLighting":false,"audioPlay":false,"sceneViewState":{"showFog":false,"showMaterialUpdate":false,"showSkybox":false,"showFlares":false,"showImageEffects":false,"showParticleSystems":false},"in2DMode":false,"pivot":{"x":-0.32327449321746828,"y":0.67778480052948,"z":0.36440032720565798},"rotation":{"x":0.20291858911514283,"y":-0.6117785573005676,"z":0.16635443270206452,"w":0.7462446093559265},"size":1.0271319150924683,"orthographic":false}