{"cameraMode":{"drawMode":0,"name":"Shaded","section":"Shading Mode"},"sceneLighting":true,"audioPlay":false,"sceneViewState":{"showFog":false,"showMaterialUpdate":false,"showSkybox":true,"showFlares":false,"showImageEffects":false,"showParticleSystems":false},"in2DMode":false,"pivot":{"x":-19.70745086669922,"y":-39.73468780517578,"z":-29.841989517211915},"rotation":{"x":0.32979828119277956,"y":0.5968163013458252,"z":-0.2938345968723297,"w":0.669858992099762},"size":152.10203552246095,"orthographic":false}