{"cameraMode":{"drawMode":0,"name":"Shaded","section":"Shading Mode"},"sceneLighting":true,"audioPlay":false,"sceneViewState":{"showFog":false,"showMaterialUpdate":false,"showSkybox":true,"showFlares":false,"showImageEffects":false,"showParticleSystems":false},"in2DMode":false,"pivot":{"x":2.26511549949646,"y":0.029184341430664064,"z":1.1170282363891602},"rotation":{"x":-0.27603307366371157,"y":-0.12185164541006088,"z":0.03530459478497505,"w":-0.9527568817138672},"size":9.845776557922364,"orthographic":false}