{"cameraMode":{"drawMode":0,"name":"Shaded","section":"Shading Mode"},"sceneLighting":true,"audioPlay":false,"sceneViewState":{"showFog":false,"showMaterialUpdate":false,"showSkybox":true,"showFlares":false,"showImageEffects":false,"showParticleSystems":false},"in2DMode":false,"pivot":{"x":6.816617965698242,"y":0.2668837308883667,"z":23.633697509765626},"rotation":{"x":-0.02050837129354477,"y":0.6857419013977051,"z":0.01933644898235798,"w":0.727302074432373},"size":6.0073957443237309,"orthographic":false}